EmployeeNumber,JobRole,MonthlyIncome,SalaryRank
259,Manager,19999,1
1035,"Research Director",19973,2
1191,Manager,19943,3
226,Manager,19926,4
787,Manager,19859,5
1282,Manager,19847,6
1038,Manager,19845,7
1740,Manager,19833,8
1255,"Research Director",19740,9
1338,Manager,19717,10
1423,"Research Director",19701,11
1867,"Research Director",19665,12
1625,Manager,19658,13
1973,Manager,19636,14
1069,"Research Director",19627,15
1128,"Research Director",19626,16
1595,Manager,19613,17
1578,Manager,19586,18
549,Manager,19566,19
58,"Research Director",19545,20
162,"Research Director",19537,21
323,Manager,19517,22
671,Manager,19513,23
638,"Research Director",19502,24
352,"Research Director",19436,25
2022,Manager,19431,26
999,"Research Director",19419,27
522,"Research Director",19406,28
1866,Manager,19392,29
1591,Manager,19331,30
1789,"Research Director",19328,31
444,Manager,19272,32
825,"Research Director",19246,33
1061,"Research Director",19237,34
319,Manager,19232,35
336,Manager,19202,36
531,Manager,19197,37
1288,Manager,19190,38
734,Manager,19189,39
1336,Manager,19187,40
1941,"Research Director",19161,41
385,"Research Director",19144,42
731,Manager,19141,43
32,Manager,19094,44
1217,"Research Director",19081,45
329,Manager,19068,46
1608,"Research Director",19049,47
374,Manager,19045,48
1770,"Research Director",19038,49
253,Manager,19033,50
38,Manager,18947,51
2031,Manager,18880,52
140,Manager,18844,53
1277,Manager,18824,54
1280,Manager,18789,55
80,"Research Director",18740,56
254,"Research Director",18722,57
1256,Manager,18711,58
396,"Research Director",18665,59
1201,Manager,18606,60
809,Manager,18430,61
1029,Manager,18303,62
447,"Research Director",18300,63
1263,"Research Director",18265,64
1267,Manager,18213,65
644,Manager,18200,66
141,"Research Director",18172,67
1306,Manager,18061,68
558,Manager,18041,69
905,Manager,17924,70
1938,Manager,17875,71
575,"Research Director",17861,72
1334,Manager,17861,72
1215,Manager,17856,73
1250,"Research Director",17779,74
1109,Manager,17665,75
1045,Manager,17650,76
815,"Research Director",17639,77
1666,"Research Director",17603,78
386,"Research Director",17584,79
1602,Manager,17567,80
1124,Manager,17465,81
992,Manager,17444,82
1665,Manager,17426,83
997,"Research Director",17399,84
148,Manager,17328,85
1422,"Research Director",17328,85
199,Manager,17181,86
1900,Manager,17174,87
1443,"Research Director",17169,88
843,"Research Director",17159,89
1307,Manager,17123,90
976,Manager,17099,91
429,Manager,17068,92
1204,Manager,17048,93
569,Manager,17046,94
1485,"Research Director",17007,95
158,Manager,16959,96
1116,Manager,16885,97
1317,"Research Director",16880,98
363,Manager,16872,99
776,Manager,16856,100
597,Manager,16835,101
1892,Manager,16823,102
1408,Manager,16799,103
264,Manager,16792,104
1074,Manager,16756,105
820,Manager,16752,106
1719,"Research Director",16704,107
505,Manager,16659,108
661,"Research Director",16627,109
1527,Manager,16606,110
1472,"Research Director",16598,111
625,Manager,16595,112
546,Manager,16555,113
1550,Manager,16437,114
1430,"Research Director",16422,115
1655,"Research Director",16413,116
1523,"Research Director",16328,117
851,Manager,16307,118
1824,Manager,16291,119
612,"Research Director",16184,120
1264,"Research Director",16124,121
327,Manager,16064,122
1520,Manager,16032,123
410,Manager,16015,124
468,"Research Director",15992,125
1676,Manager,15972,126
1837,"Research Director",15787,127
23,Manager,15427,128
664,Manager,15402,129
1677,Manager,15379,130
1644,Manager,15202,131
981,Manager,14852,132
730,"Research Director",14814,133
84,Manager,14756,134
1424,"Research Director",14732,135
1539,"Research Director",14411,136
520,"Research Director",14336,137
901,"Research Director",14275,138
568,Manager,14118,139
1352,Manager,14026,140
1005,"Manufacturing Director",13973,141
1661,"Healthcare Representative",13966,142
431,"Healthcare Representative",13964,143
131,"Sales Executive",13872,144
867,"Manufacturing Director",13826,145
746,"Sales Executive",13770,146
1167,"Sales Executive",13758,147
1468,"Research Director",13757,148
2017,"Research Director",13744,149
258,"Healthcare Representative",13734,150
1032,"Manufacturing Director",13726,151
1372,"Sales Executive",13695,152
337,"Research Director",13675,153
102,"Research Director",13664,154
582,Manager,13610,155
380,"Research Director",13603,156
298,Manager,13591,157
950,"Research Director",13582,158
1278,"Healthcare Representative",13577,159
2034,"Manufacturing Director",13570,160
126,"Research Director",13549,161
404,"Sales Executive",13525,162
119,"Healthcare Representative",13503,163
1166,"Research Director",13499,164
372,"Healthcare Representative",13496,165
1800,"Research Director",13464,166
73,"Research Director",13458,167
1373,"Manufacturing Director",13402,168
1911,"Research Director",13348,169
1975,"Sales Executive",13341,170
1039,"Sales Executive",13320,171
1656,"Research Director",13269,172
1401,"Manufacturing Director",13247,173
101,"Research Director",13245,174
601,"Manufacturing Director",13237,175
1863,"Sales Executive",13225,176
532,"Sales Executive",13212,177
2015,"Research Director",13206,178
986,"Sales Executive",13194,179
1242,"Research Director",13191,180
1367,"Manufacturing Director",13142,181
1138,"Sales Executive",13120,182
1786,Manager,13116,183
1775,"Manufacturing Director",12965,184
1716,"Sales Executive",12936,185
844,"Research Director",12808,186
1026,"Manufacturing Director",12742,187
473,Manager,12504,188
296,"Research Director",12490,189
306,"Research Director",12185,190
1127,"Healthcare Representative",12169,191
421,"Research Director",12061,192
2056,"Sales Executive",12031,193
381,Manager,11996,194
28,"Research Director",11994,195
2000,"Research Director",11957,196
564,"Research Director",11935,197
1321,Manager,11916,198
1048,Manager,11904,199
428,Manager,11878,200
376,Manager,11849,201
897,"Sales Executive",11836,202
742,"Research Director",11713,203
817,"Research Director",11691,204
153,Manager,11631,205
613,Manager,11557,206
461,"Research Director",11510,207
1015,"Research Director",11416,208
1606,"Healthcare Representative",11245,209
1516,Manager,11244,210
727,"Research Director",11159,211
762,"Healthcare Representative",11103,212
1979,"Research Director",11031,213
1024,"Healthcare Representative",10999,214
1096,"Manufacturing Director",10976,215
499,"Healthcare Representative",10965,216
343,"Healthcare Representative",10938,217
862,"Sales Executive",10934,218
615,"Sales Executive",10932,219
1397,"Healthcare Representative",10920,220
899,"Manufacturing Director",10903,221
1697,"Healthcare Representative",10883,222
1043,"Manufacturing Director",10880,223
215,"Sales Executive",10855,224
2055,"Sales Executive",10854,225
1460,"Healthcare Representative",10851,226
1007,"Manufacturing Director",10845,227
1126,"Manufacturing Director",10820,228
1076,"Sales Executive",10798,229
1453,"Sales Executive",10793,230
864,"Sales Executive",10761,231
1712,"Healthcare Representative",10748,232
1013,"Manufacturing Director",10739,233
698,"Human Resources",10725,234
1070,"Sales Executive",10686,235
880,"Manufacturing Director",10685,236
124,"Healthcare Representative",10673,237
179,"Manufacturing Director",10650,238
581,"Manufacturing Director",10648,239
307,"Sales Executive",10609,240
970,"Sales Executive",10609,240
1391,"Sales Executive",10596,241
940,"Healthcare Representative",10552,242
624,"Healthcare Representative",10527,243
1283,"Manufacturing Director",10512,244
1245,"Manufacturing Director",10502,245
491,"Healthcare Representative",10496,246
1098,"Human Resources",10482,247
729,"Sales Executive",10475,248
1484,"Healthcare Representative",10466,249
244,"Sales Executive",10453,250
1968,"Sales Executive",10448,251
1815,"Sales Executive",10447,252
1118,"Healthcare Representative",10445,253
1628,"Manufacturing Director",10435,254
2016,"Sales Executive",10422,255
291,"Sales Executive",10400,256
1014,"Healthcare Representative",10388,257
1243,"Sales Executive",10377,258
1732,"Sales Executive",10368,259
1827,"Manufacturing Director",10333,260
967,"Sales Executive",10325,261
1092,"Healthcare Representative",10322,262
165,"Healthcare Representative",10312,263
1639,"Sales Executive",10306,264
1182,"Manufacturing Director",10274,265
573,"Sales Executive",10266,266
1237,"Manufacturing Director",10252,267
36,"Healthcare Representative",10248,268
106,"Sales Executive",10239,269
1293,"Sales Executive",10231,270
845,"Manufacturing Director",10221,271
1496,"Manufacturing Director",10209,272
1572,"Manufacturing Director",10169,273
1547,"Healthcare Representative",10124,274
83,"Healthcare Representative",10096,275
1457,"Sales Executive",10096,275
342,"Manufacturing Director",10048,276
1360,"Manufacturing Director",10008,277
1395,"Sales Executive",9998,278
2062,"Healthcare Representative",9991,279
451,"Healthcare Representative",9985,280
293,"Sales Executive",9981,281
20,"Manufacturing Director",9980,282
592,"Sales Executive",9980,282
1084,"Manufacturing Director",9957,283
590,"Human Resources",9950,284
2057,"Manufacturing Director",9936,285
1582,"Sales Executive",9924,286
1862,"Sales Executive",9907,287
1950,"Sales Executive",9888,288
70,"Healthcare Representative",9884,289
1933,"Sales Executive",9854,290
1324,"Sales Executive",9852,291
587,"Healthcare Representative",9824,292
634,"Healthcare Representative",9824,292
1744,"Human Resources",9756,293
154,"Sales Executive",9738,294
1047,"Sales Executive",9725,295
86,"Research Scientist",9724,296
1544,"Healthcare Representative",9715,297
1562,"Sales Executive",9714,298
1882,"Sales Executive",9713,299
954,"Sales Executive",9705,300
481,"Sales Executive",9699,301
1966,"Manufacturing Director",9679,302
1816,"Manufacturing Director",9667,303
1833,"Sales Executive",9637,304
118,"Sales Executive",9619,305
417,"Healthcare Representative",9613,306
1739,"Sales Executive",9610,307
656,"Sales Executive",9602,308
1100,"Sales Executive",9582,309
256,"Manufacturing Director",9547,310
12,"Manufacturing Director",9526,311
1700,"Sales Executive",9525,312
223,"Healthcare Representative",9439,313
689,"Manufacturing Director",9434,314
228,"Sales Executive",9419,315
288,"Healthcare Representative",9396,316
1465,"Manufacturing Director",9380,317
1412,"Manufacturing Director",9362,318
488,"Sales Executive",9355,319
1425,"Sales Executive",9278,320
1568,"Sales Executive",9250,321
1708,"Sales Executive",9241,322
174,"Sales Executive",9208,323
1446,"Sales Executive",9204,324
1318,"Sales Executive",9094,325
580,"Sales Executive",9071,326
74,"Sales Executive",9069,327
207,"Sales Executive",8998,328
1218,"Sales Executive",8966,329
442,"Manufacturing Director",8943,330
2037,"Sales Executive",8938,331
1821,"Healthcare Representative",8926,332
302,"Sales Executive",8865,333
1073,"Manufacturing Director",8858,334
1590,"Healthcare Representative",8853,335
699,"Manufacturing Director",8847,336
2040,"Human Resources",8837,337
626,"Sales Executive",8834,338
1088,"Healthcare Representative",8823,339
733,"Manufacturing Director",8793,340
314,"Sales Executive",8789,341
1119,"Sales Executive",8740,342
56,"Sales Executive",8726,343
1082,"Healthcare Representative",8722,344
230,"Sales Executive",8686,345
183,"Sales Executive",8639,346
1993,"Healthcare Representative",8633,347
1951,"Sales Executive",8628,348
717,"Healthcare Representative",8621,349
1497,"Sales Executive",8620,350
1529,"Healthcare Representative",8606,351
1857,"Manufacturing Director",8578,352
1758,"Sales Executive",8564,353
1344,"Healthcare Representative",8500,354
292,"Manufacturing Director",8474,355
1469,"Sales Executive",8463,356
1319,"Sales Executive",8446,357
567,"Sales Executive",8412,358
1066,"Sales Executive",8396,359
534,"Sales Executive",8392,360
682,"Sales Executive",8381,361
1268,"Sales Executive",8380,362
1525,"Manufacturing Director",8376,363
1749,"Sales Executive",8346,364
1790,"Healthcare Representative",8321,365
463,"Sales Executive",8268,366
1588,"Sales Executive",8237,367
1157,"Sales Executive",8224,368
176,"Sales Executive",8189,369
1761,"Sales Executive",8161,370
712,"Sales Executive",8120,371
1915,"Sales Executive",8103,372
464,"Manufacturing Director",8095,373
406,"Sales Executive",8020,374
1651,"Healthcare Representative",8008,375
1801,"Sales Executive",7991,376
1419,"Human Resources",7988,377
1295,"Healthcare Representative",7978,378
543,"Manufacturing Director",7969,379
1641,"Manufacturing Director",7945,380
312,"Sales Executive",7918,381
1363,"Manufacturing Director",7898,382
985,"Sales Executive",7880,383
1703,"Healthcare Representative",7879,384
743,"Manufacturing Director",7861,385
1706,"Sales Executive",7847,386
984,"Sales Executive",7823,387
1133,"Manufacturing Director",7779,388
1103,"Healthcare Representative",7756,389
1638,"Manufacturing Director",7756,389
692,"Healthcare Representative",7725,390
1121,"Manufacturing Director",7655,391
840,"Sales Executive",7654,392
2024,"Sales Executive",7644,393
904,"Sales Executive",7642,394
283,"Sales Executive",7639,395
81,"Sales Executive",7637,396
586,"Healthcare Representative",7632,397
724,"Healthcare Representative",7625,398
513,"Sales Executive",7596,399
789,"Sales Executive",7587,400
1421,"Healthcare Representative",7553,401
438,"Sales Executive",7547,402
1050,"Sales Executive",7525,403
1971,"Healthcare Representative",7510,404
623,"Manufacturing Director",7491,405
145,"Healthcare Representative",7484,406
453,"Sales Executive",7457,407
1459,"Manufacturing Director",7446,408
1553,"Healthcare Representative",7441,409
152,"Sales Executive",7428,410
725,"Manufacturing Director",7412,411
605,"Manufacturing Director",7406,412
944,"Laboratory Technician",7403,413
1228,"Manufacturing Director",7379,414
1125,"Sales Executive",7351,415
1165,"Sales Executive",7336,416
1869,"Sales Executive",7314,417
204,"Sales Executive",7295,418
982,"Sales Executive",7264,419
112,"Manufacturing Director",7260,420
462,"Manufacturing Director",7143,421
1754,"Sales Executive",7140,422
1099,"Healthcare Representative",7119,423
677,"Sales Executive",7104,424
1312,"Healthcare Representative",7094,425
1535,"Sales Executive",7083,426
1678,"Sales Executive",7082,427
1689,"Healthcare Representative",7005,428
1847,"Research Scientist",6962,429
969,"Healthcare Representative",6949,430
947,"Sales Executive",6932,431
349,"Sales Executive",6931,432
416,"Sales Executive",6929,433
1355,"Sales Executive",6893,434
1728,"Manufacturing Director",6883,435
833,"Manufacturing Director",6877,436
1814,"Healthcare Representative",6870,437
1036,"Sales Executive",6861,438
1830,"Research Scientist",6854,439
1239,"Sales Executive",6852,440
1664,"Healthcare Representative",6842,441
1927,"Sales Executive",6834,442
1251,"Healthcare Representative",6833,443
35,"Sales Executive",6825,444
1585,"Sales Executive",6815,445
1252,"Healthcare Representative",6812,446
616,"Healthcare Representative",6811,447
764,"Healthcare Representative",6811,447
275,"Manufacturing Director",6804,448
754,"Sales Executive",6804,448
1823,"Sales Executive",6799,449
723,"Sales Executive",6796,450
1132,"Laboratory Technician",6782,451
477,"Healthcare Representative",6781,452
482,"Healthcare Representative",6755,453
1734,"Sales Executive",6735,454
2044,"Sales Executive",6728,455
966,"Manufacturing Director",6725,456
2035,"Sales Executive",6712,457
299,"Sales Executive",6696,458
1105,"Sales Executive",6694,459
1383,"Healthcare Representative",6687,460
1315,"Laboratory Technician",6674,461
282,"Healthcare Representative",6673,462
1955,"Healthcare Representative",6667,463
479,"Sales Executive",6653,464
2045,"Sales Executive",6652,465
1473,"Healthcare Representative",6651,466
691,"Research Scientist",6646,467
366,"Sales Executive",6644,468
783,"Sales Representative",6632,469
1260,"Healthcare Representative",6623,470
924,"Healthcare Representative",6586,471
1912,"Sales Executive",6583,472
604,"Sales Executive",6582,473
1179,"Sales Executive",6578,474
533,"Sales Executive",6577,475
170,"Manufacturing Director",6567,476
271,"Manufacturing Director",6553,477
1514,"Manufacturing Director",6549,478
347,"Research Scientist",6545,479
496,"Healthcare Representative",6540,480
523,"Sales Executive",6538,481
889,"Sales Executive",6524,482
1724,"Manufacturing Director",6516,483
1822,"Healthcare Representative",6513,484
378,"Sales Executive",6502,485
808,"Sales Executive",6500,486
1898,"Sales Executive",6500,486
85,"Manufacturing Director",6499,487
1196,"Manufacturing Director",6474,488
1737,"Laboratory Technician",6472,489
40,"Healthcare Representative",6465,490
635,"Manufacturing Director",6447,491
1557,"Sales Executive",6439,492
341,"Manufacturing Director",6434,493
1722,"Human Resources",6430,494
424,"Human Resources",6410,495
384,"Manufacturing Director",6397,496
785,"Sales Executive",6397,496
1560,"Sales Executive",6392,497
760,"Human Resources",6389,498
1515,"Healthcare Representative",6388,499
1034,"Healthcare Representative",6385,500
1859,"Healthcare Representative",6384,501
492,"Sales Executive",6380,502
1375,"Healthcare Representative",6377,503
449,"Sales Executive",6349,504
184,"Human Resources",6347,505
460,"Manufacturing Director",6347,505
1040,"Sales Executive",6347,505
868,"Sales Executive",6334,506
1985,"Laboratory Technician",6323,507
679,"Research Scientist",6322,508
2026,"Healthcare Representative",6306,509
1753,"Healthcare Representative",6294,510
837,"Healthcare Representative",6288,511
786,"Sales Executive",6274,512
641,"Sales Executive",6272,513
1231,"Human Resources",6272,513
273,"Manufacturing Director",6261,514
936,"Sales Executive",6244,515
1399,"Sales Executive",6232,516
599,"Sales Executive",6230,517
96,"Research Scientist",6220,518
458,"Sales Executive",6214,519
1304,"Sales Executive",6209,520
857,"Sales Executive",6201,521
781,"Sales Executive",6180,522
1389,"Manufacturing Director",6179,523
163,"Sales Executive",6172,524
78,"Manufacturing Director",6162,525
830,"Manufacturing Director",6162,525
1329,"Sales Executive",6151,526
160,"Sales Executive",6146,527
757,"Healthcare Representative",6142,528
1587,"Healthcare Representative",6142,528
2064,"Manufacturing Director",6142,528
1733,"Sales Executive",6134,529
211,"Manufacturing Director",6132,530
1356,"Sales Executive",6125,531
1390,"Sales Executive",6120,532
456,"Sales Executive",6118,533
548,"Manufacturing Director",6091,534
1563,"Human Resources",6077,535
147,"Laboratory Technician",6074,536
827,"Manufacturing Director",6062,537
466,"Manufacturing Director",6032,538
1779,"Sales Executive",6029,539
1,"Sales Executive",5993,540
77,"Manufacturing Director",5993,540
665,"Human Resources",5985,541
803,"Manufacturing Director",5980,542
474,"Research Scientist",5974,543
1970,"Healthcare Representative",5968,544
339,"Manufacturing Director",5957,545
303,"Sales Executive",5940,546
852,"Healthcare Representative",5933,547
261,"Manufacturing Director",5916,548
76,"Laboratory Technician",5915,549
304,"Laboratory Technician",5914,550
1888,"Manufacturing Director",5906,551
182,"Sales Executive",5902,552
1555,"Research Scientist",5878,553
1650,"Sales Executive",5869,554
961,"Healthcare Representative",5855,555
401,"Sales Executive",5828,556
1797,"Sales Executive",5813,557
1766,"Healthcare Representative",5811,558
1435,"Laboratory Technician",5810,559
441,"Research Scientist",5775,560
62,"Sales Executive",5772,561
1635,"Manufacturing Director",5770,562
1403,"Sales Executive",5769,563
1611,"Laboratory Technician",5769,563
1631,"Manufacturing Director",5768,564
1487,"Sales Executive",5765,565
1804,"Manufacturing Director",5762,566
1932,"Research Scientist",5747,567
393,"Healthcare Representative",5745,568
142,"Sales Executive",5744,569
1642,"Human Resources",5743,570
1929,"Sales Executive",5736,571
1161,"Healthcare Representative",5731,572
516,"Sales Executive",5715,573
1163,"Sales Executive",5714,574
2049,"Healthcare Representative",5689,575
663,"Laboratory Technician",5679,576
1986,"Sales Executive",5677,577
1849,"Sales Executive",5675,578
419,"Laboratory Technician",5674,579
1880,"Sales Executive",5673,580
983,"Sales Executive",5666,581
412,"Healthcare Representative",5661,582
422,"Healthcare Representative",5660,583
1436,"Sales Executive",5647,584
1967,"Sales Executive",5617,585
202,"Research Scientist",5605,586
382,"Sales Executive",5605,586
1117,"Sales Executive",5593,587
367,"Healthcare Representative",5582,588
630,"Research Scientist",5577,589
902,"Healthcare Representative",5562,590
1594,"Laboratory Technician",5562,590
1727,"Healthcare Representative",5562,590
690,"Sales Executive",5561,591
1945,"Sales Executive",5561,591
1803,"Healthcare Representative",5538,592
1908,"Sales Executive",5507,593
1670,"Sales Executive",5505,594
998,"Healthcare Representative",5488,595
1924,"Sales Executive",5487,596
1466,"Sales Executive",5486,597
799,"Manufacturing Director",5485,598
420,"Sales Executive",5484,599
1580,"Research Scientist",5484,599
408,"Manufacturing Director",5482,600
1673,"Sales Executive",5476,601
91,"Sales Executive",5473,602
1548,"Sales Executive",5473,602
1018,"Manufacturing Director",5472,603
1671,"Research Scientist",5470,604
1784,"Sales Executive",5468,605
1392,"Research Scientist",5467,606
1934,"Research Scientist",5467,606
653,"Sales Executive",5460,607
68,"Sales Executive",5454,608
120,"Sales Executive",5441,609
1645,"Sales Executive",5440,610
1658,"Research Scientist",5433,611
1377,"Laboratory Technician",5429,612
389,"Laboratory Technician",5415,613
1294,"Manufacturing Director",5410,614
1998,"Research Scientist",5410,614
2036,"Sales Executive",5406,615
732,"Sales Executive",5405,616
1835,"Sales Representative",5405,616
1922,"Healthcare Representative",5399,617
722,"Sales Executive",5396,618
2065,"Sales Executive",5390,619
64,"Laboratory Technician",5381,620
1935,"Sales Executive",5380,621
1618,"Manufacturing Director",5377,622
52,"Sales Executive",5376,623
1954,"Healthcare Representative",5373,624
1681,"Sales Executive",5368,625
1369,"Laboratory Technician",5363,626
1682,"Healthcare Representative",5347,627
1188,"Sales Executive",5346,628
1807,"Laboratory Technician",5346,628
1184,"Healthcare Representative",5343,629
2041,"Sales Executive",5343,629
621,"Sales Executive",5337,630
1613,"Sales Executive",5332,631
107,"Research Scientist",5329,632
796,"Sales Executive",5326,633
819,"Sales Executive",5324,634
1997,"Manufacturing Director",5321,635
772,"Laboratory Technician",5309,636
502,"Sales Executive",5304,637
747,"Sales Executive",5304,637
1479,"Sales Executive",5301,638
476,"Sales Executive",5296,639
1654,"Manufacturing Director",5295,640
1763,"Healthcare Representative",5294,641
270,"Manufacturing Director",5265,642
487,"Manufacturing Director",5258,643
448,"Laboratory Technician",5257,644
498,"Sales Executive",5253,645
361,"Sales Executive",5249,646
445,"Sales Executive",5238,647
1736,"Manufacturing Director",5238,647
13,"Healthcare Representative",5237,648
894,"Laboratory Technician",5231,649
436,"Sales Executive",5228,650
823,"Manufacturing Director",5228,650
1233,"Sales Executive",5220,651
425,"Laboratory Technician",5210,652
121,"Sales Executive",5209,653
1621,"Research Scientist",5208,654
1549,"Laboratory Technician",5207,655
1653,"Manufacturing Director",5206,656
909,"Human Resources",5204,657
1962,"Sales Executive",5204,657
865,"Research Scientist",5175,658
1254,"Sales Executive",5171,659
139,"Healthcare Representative",5163,660
842,"Sales Executive",5160,661
1171,"Sales Executive",5155,662
1845,"Sales Executive",5154,663
1936,"Manufacturing Director",5151,664
1756,"Sales Executive",5147,665
2025,"Manufacturing Director",5131,666
2,"Research Scientist",5130,667
104,"Laboratory Technician",5126,668
775,"Manufacturing Director",5121,669
2008,"Research Scientist",5098,670
832,"Laboratory Technician",5094,671
771,"Healthcare Representative",5093,672
1943,"Sales Executive",5087,673
990,"Sales Executive",5079,674
1371,"Sales Executive",5071,675
574,"Manufacturing Director",5070,676
987,"Manufacturing Director",5067,677
1597,"Healthcare Representative",5063,678
1150,"Manufacturing Director",5056,679
439,"Research Scientist",5055,680
1633,"Manufacturing Director",5042,681
1903,"Healthcare Representative",5033,682
103,"Human Resources",5021,683
125,"Sales Executive",5010,684
240,"Sales Executive",5006,685
1025,"Manufacturing Director",5003,686
1956,"Research Scientist",5003,686
128,"Sales Executive",4999,687
1235,"Research Scientist",4998,688
1731,"Sales Executive",4978,689
1037,"Sales Executive",4969,690
1137,"Sales Executive",4968,691
1745,"Research Scientist",4968,691
161,"Research Scientist",4963,692
728,"Sales Executive",4960,693
1240,"Sales Executive",4950,694
178,"Manufacturing Director",4941,695
433,"Research Scientist",4941,695
500,"Sales Executive",4936,696
869,"Human Resources",4936,696
1704,"Research Scientist",4930,697
916,"Sales Executive",4908,698
387,"Sales Executive",4907,699
2018,"Sales Executive",4907,699
1483,"Research Scientist",4900,700
350,"Manufacturing Director",4898,701
1507,"Sales Executive",4898,701
1309,"Laboratory Technician",4883,702
2009,"Healthcare Representative",4878,703
1622,"Manufacturing Director",4877,704
287,"Healthcare Representative",4876,705
1599,"Laboratory Technician",4876,705
450,"Research Scientist",4869,706
620,"Sales Executive",4859,707
1573,"Manufacturing Director",4855,708
707,"Sales Executive",4851,709
2046,"Sales Executive",4850,710
1542,"Laboratory Technician",4841,711
1052,"Laboratory Technician",4834,712
423,"Research Scientist",4821,713
550,"Manufacturing Director",4810,714
138,"Research Scientist",4809,715
606,"Sales Executive",4805,716
1509,"Laboratory Technician",4789,717
1886,"Manufacturing Director",4788,718
2027,"Research Scientist",4787,719
846,"Sales Executive",4779,720
1428,"Sales Executive",4779,720
1033,"Healthcare Representative",4777,721
872,"Manufacturing Director",4775,722
1870,"Research Scientist",4774,723
1940,"Research Scientist",4771,724
1481,"Sales Executive",4768,725
1158,"Laboratory Technician",4766,726
920,"Manufacturing Director",4765,727
1478,"Sales Executive",4759,728
390,"Healthcare Representative",4741,729
171,"Research Scientist",4739,730
475,"Sales Executive",4736,731
1668,"Research Scientist",4735,732
1113,"Sales Executive",4728,733
1387,"Sales Executive",4724,734
1615,"Manufacturing Director",4724,734
1586,"Laboratory Technician",4723,735
957,"Laboratory Technician",4721,736
600,"Sales Executive",4717,737
631,"Sales Executive",4707,738
1298,"Manufacturing Director",4695,739
1836,"Sales Executive",4684,740
446,"Sales Executive",4682,741
715,"Research Scientist",4680,742
949,"Research Scientist",4678,743
195,"Sales Executive",4668,744
1614,"Manufacturing Director",4663,745
1346,"Research Scientist",4661,746
469,"Sales Executive",4649,747
1853,"Sales Executive",4648,748
714,"Sales Executive",4647,749
1362,"Sales Executive",4639,750
1598,"Sales Executive",4639,750
1311,"Laboratory Technician",4627,751
1094,"Laboratory Technician",4621,752
1981,"Healthcare Representative",4617,753
1080,"Research Scientist",4615,754
1380,"Sales Executive",4614,755
975,"Sales Executive",4601,756
1489,"Sales Executive",4599,757
1503,"Sales Executive",4591,758
1667,"Sales Executive",4581,759
720,"Sales Executive",4577,760
60,"Sales Executive",4568,761
175,"Sales Executive",4559,762
536,"Laboratory Technician",4558,763
547,"Research Scientist",4556,764
388,"Sales Executive",4554,765
721,"Healthcare Representative",4553,766
1225,"Research Scientist",4541,767
1220,"Sales Executive",4539,768
1281,"Sales Executive",4538,769
903,"Sales Executive",4537,770
1322,"Manufacturing Director",4534,771
551,"Healthcare Representative",4523,772
526,"Healthcare Representative",4522,773
1101,"Research Scientist",4508,774
1757,"Sales Executive",4507,775
151,"Research Scientist",4505,776
1710,"Sales Representative",4502,777
1289,"Human Resources",4490,778
527,"Sales Executive",4487,779
397,"Research Scientist",4485,780
437,"Sales Executive",4478,781
1195,"Research Scientist",4477,782
333,"Sales Executive",4465,783
250,"Manufacturing Director",4450,784
529,"Research Scientist",4449,785
1829,"Healthcare Representative",4448,786
972,"Laboratory Technician",4447,787
1285,"Laboratory Technician",4444,788
1980,"Manufacturing Director",4440,789
1995,"Sales Executive",4440,789
836,"Manufacturing Director",4434,790
269,"Laboratory Technician",4425,791
98,"Manufacturing Director",4424,792
1180,"Research Scientist",4422,793
1177,"Laboratory Technician",4420,794
2068,"Laboratory Technician",4404,795
859,"Sales Executive",4403,796
1707,"Research Scientist",4401,797
1439,"Sales Representative",4400,798
1909,"Sales Executive",4393,799
1612,"Sales Executive",4385,800
828,"Research Scientist",4382,801
804,"Research Scientist",4381,802
1009,"Manufacturing Director",4377,803
1662,"Manufacturing Director",4374,804
1477,"Sales Executive",4373,805
792,"Laboratory Technician",4364,806
308,"Manufacturing Director",4345,807
800,"Sales Executive",4342,808
793,"Healthcare Representative",4335,809
1976,"Research Scientist",4332,810
1212,"Sales Executive",4327,811
110,"Manufacturing Director",4325,812
1164,"Human Resources",4323,813
1545,"Manufacturing Director",4320,814
208,"Manufacturing Director",4319,815
193,"Research Scientist",4317,816
100,"Sales Executive",4312,817
524,"Manufacturing Director",4306,818
618,"Sales Executive",4306,818
1114,"Sales Executive",4302,819
274,"Manufacturing Director",4298,820
956,"Sales Executive",4294,821
684,"Sales Executive",4286,822
1543,"Research Scientist",4285,823
1420,"Laboratory Technician",4284,824
1885,"Research Scientist",4284,824
1148,"Laboratory Technician",4272,825
611,"Manufacturing Director",4262,826
507,"Sales Executive",4260,827
791,"Research Scientist",4258,828
241,"Research Scientist",4257,829
885,"Sales Executive",4256,830
1350,"Research Scientist",4249,831
807,"Healthcare Representative",4244,832
1022,"Healthcare Representative",4240,833
650,"Sales Executive",4233,834
577,"Laboratory Technician",4230,835
1027,"Manufacturing Director",4227,836
129,"Sales Executive",4221,837
1809,"Manufacturing Director",4213,838
190,"Laboratory Technician",4200,839
1583,"Sales Executive",4198,840
518,"Manufacturing Director",4197,841
1881,"Laboratory Technician",4197,841
879,"Sales Executive",4194,842
15,"Laboratory Technician",4193,843
1787,"Sales Executive",4189,844
1669,"Sales Executive",4187,845
926,"Manufacturing Director",4171,846
1003,"Sales Executive",4163,847
1445,"Sales Executive",4162,848
72,"Sales Executive",4157,849
117,"Healthcare Representative",4152,850
1011,"Manufacturing Director",4148,851
1630,"Healthcare Representative",4148,851
1812,"Sales Executive",4127,852
1211,"Sales Executive",4115,853
2014,"Research Scientist",4108,854
1062,"Healthcare Representative",4107,855
1965,"Sales Executive",4105,856
1349,"Sales Executive",4103,857
659,"Healthcare Representative",4089,858
1574,"Research Scientist",4087,859
1537,"Research Scientist",4084,860
1402,"Research Scientist",4081,861
1396,"Sales Executive",4078,862
1794,"Human Resources",4071,863
1552,"Healthcare Representative",4069,864
1619,"Laboratory Technician",4066,865
595,"Sales Executive",4051,866
855,"Sales Executive",4037,867
1501,"Healthcare Representative",4035,868
1140,"Manufacturing Director",4033,869
538,"Laboratory Technician",4031,870
709,"Sales Executive",4028,871
1046,"Laboratory Technician",4025,872
2053,"Laboratory Technician",4025,872
75,"Laboratory Technician",4014,873
942,"Healthcare Representative",4014,873
26,"Manufacturing Director",4011,874
57,"Laboratory Technician",4011,874
1774,"Sales Executive",4001,875
369,"Healthcare Representative",4000,876
1684,"Laboratory Technician",3989,877
1696,"Laboratory Technician",3986,878
455,"Laboratory Technician",3983,879
1916,"Laboratory Technician",3978,880
1992,"Laboratory Technician",3977,881
1449,"Laboratory Technician",3975,882
1860,"Laboratory Technician",3968,883
1083,"Laboratory Technician",3955,884
24,"Research Scientist",3944,885
1640,"Research Scientist",3936,886
330,"Sales Representative",3931,887
246,"Research Scientist",3929,888
340,"Research Scientist",3920,889
33,"Research Scientist",3919,890
1028,"Laboratory Technician",3917,891
1725,"Laboratory Technician",3907,892
1310,"Research Scientist",3904,893
1407,"Research Scientist",3904,893
1871,"Research Scientist",3902,894
593,"Laboratory Technician",3894,895
1890,"Human Resources",3886,896
738,"Sales Representative",3875,897
1296,"Laboratory Technician",3867,898
1502,"Laboratory Technician",3838,899
806,"Laboratory Technician",3833,900
497,"Laboratory Technician",3816,901
277,"Research Scientist",3815,902
1852,"Laboratory Technician",3812,903
2054,"Research Scientist",3785,904
578,"Laboratory Technician",3780,905
861,"Research Scientist",3761,906
1249,"Research Scientist",3760,907
1646,"Research Scientist",3760,907
602,"Laboratory Technician",3755,908
1989,"Laboratory Technician",3748,909
1010,"Laboratory Technician",3743,910
847,"Human Resources",3737,911
331,"Laboratory Technician",3730,912
1464,"Laboratory Technician",3722,913
744,"Laboratory Technician",3708,914
1782,"Laboratory Technician",3702,915
452,"Research Scientist",3697,916
1257,"Research Scientist",3692,917
1106,"Laboratory Technician",3691,918
249,"Laboratory Technician",3690,919
407,"Laboratory Technician",3688,920
652,"Laboratory Technician",3681,921
1480,"Laboratory Technician",3673,922
1358,"Laboratory Technician",3669,923
1097,"Research Scientist",3660,924
1458,"Laboratory Technician",3646,925
1002,"Laboratory Technician",3633,926
1411,"Laboratory Technician",3629,927
649,"Research Scientist",3622,928
964,"Research Scientist",3617,929
1207,"Human Resources",3600,930
1173,"Laboratory Technician",3597,931
1834,"Research Scientist",3591,932
887,"Research Scientist",3580,933
1241,"Research Scientist",3579,934
1417,"Laboratory Technician",3578,935
267,"Research Scientist",3564,936
1340,"Research Scientist",3544,937
1864,"Sales Representative",3540,938
1778,"Human Resources",3539,939
1694,"Research Scientist",3537,940
1647,"Research Scientist",3517,941
1291,"Research Scientist",3506,942
784,"Research Scientist",3505,943
1440,"Laboratory Technician",3500,944
1224,"Laboratory Technician",3491,945
364,"Laboratory Technician",3485,946
2019,"Sales Representative",3482,947
355,"Laboratory Technician",3479,948
1721,"Laboratory Technician",3477,949
7,"Laboratory Technician",3468,950
440,"Research Scientist",3464,951
192,"Research Scientist",3452,952
486,"Laboratory Technician",3452,952
995,"Research Scientist",3452,952
521,"Laboratory Technician",3448,953
669,"Sales Representative",3447,954
1751,"Research Scientist",3445,955
65,"Laboratory Technician",3441,956
1720,"Research Scientist",3433,957
854,"Research Scientist",3424,958
1314,"Human Resources",3423,959
1438,"Research Scientist",3420,960
1475,"Research Scientist",3420,960
51,"Research Scientist",3419,961
584,"Laboratory Technician",3408,962
27,"Sales Representative",3407,963
1596,"Laboratory Technician",3407,963
90,"Research Scientist",3388,964
1802,"Laboratory Technician",3377,965
1085,"Research Scientist",3376,966
2007,"Research Scientist",3375,967
702,"Research Scientist",3348,968
214,"Research Scientist",3346,969
1299,"Laboratory Technician",3339,970
335,"Research Scientist",3319,971
1607,"Research Scientist",3312,972
395,"Research Scientist",3310,973
1687,"Laboratory Technician",3306,974
21,"Research Scientist",3298,975
1735,"Laboratory Technician",3295,976
925,"Sales Representative",3294,977
1447,"Laboratory Technician",3294,977
1143,"Research Scientist",3291,978
797,"Research Scientist",3280,979
379,"Research Scientist",3230,980
1415,"Laboratory Technician",3229,981
716,"Laboratory Technician",3221,982
316,"Laboratory Technician",3212,983
1617,"Laboratory Technician",3211,984
373,"Laboratory Technician",3210,985
197,"Research Scientist",3204,986
554,"Sales Representative",3202,987
1136,"Research Scientist",3201,988
1216,"Laboratory Technician",3196,989
1683,"Human Resources",3195,990
1513,"Laboratory Technician",3180,991
1494,"Laboratory Technician",3172,992
888,"Laboratory Technician",3162,993
1471,"Laboratory Technician",3162,993
392,"Laboratory Technician",3161,994
813,"Laboratory Technician",3149,995
1798,"Research Scientist",3143,996
248,"Sales Representative",3140,997
1192,"Laboratory Technician",3131,998
1623,"Research Scientist",3117,999
510,"Research Scientist",3102,1000
239,"Laboratory Technician",3072,1001
334,"Research Scientist",3072,1001
1627,"Laboratory Technician",3069,1002
8,"Laboratory Technician",3068,1003
1996,"Sales Representative",3067,1004
1948,"Research Scientist",3065,1005
233,"Research Scientist",3058,1006
773,"Research Scientist",3057,1007
1771,"Research Scientist",3055,1008
667,"Sales Representative",3041,1009
97,"Laboratory Technician",3038,1010
231,"Research Scientist",3038,1010
515,"Laboratory Technician",3034,1011
1198,"Laboratory Technician",3033,1012
61,"Research Scientist",3022,1013
1394,"Research Scientist",2996,1014
1431,"Research Scientist",2996,1014
1269,"Research Scientist",2994,1015
1972,"Human Resources",2991,1016
585,"Sales Representative",2983,1017
1115,"Research Scientist",2979,1018
2052,"Research Scientist",2977,1019
467,"Sales Representative",2976,1020
1709,"Laboratory Technician",2974,1021
900,"Sales Representative",2973,1022
960,"Laboratory Technician",2973,1022
1577,"Research Scientist",2972,1023
2060,"Sales Representative",2966,1024
31,"Research Scientist",2960,1025
134,"Research Scientist",2956,1026
1842,"Human Resources",2956,1026
1409,"Laboratory Technician",2950,1027
177,"Human Resources",2942,1028
1071,"Research Scientist",2942,1028
1200,"Research Scientist",2936,1029
1854,"Research Scientist",2936,1029
22,"Laboratory Technician",2935,1030
1893,"Research Scientist",2933,1031
1755,"Research Scientist",2932,1032
1701,"Research Scientist",2929,1033
137,"Laboratory Technician",2926,1034
16,"Research Scientist",2911,1035
338,"Research Scientist",2911,1035
5,"Research Scientist",2909,1036
1486,"Sales Representative",2909,1036
465,"Research Scientist",2904,1037
893,"Sales Representative",2899,1038
1969,"Research Scientist",2897,1039
143,"Research Scientist",2889,1040
560,"Research Scientist",2886,1041
647,"Laboratory Technician",2886,1041
1275,"Research Scientist",2875,1042
144,"Laboratory Technician",2871,1043
1952,"Laboratory Technician",2867,1044
1944,"Human Resources",2863,1045
1729,"Research Scientist",2862,1046
105,"Research Scientist",2859,1047
1961,"Sales Representative",2858,1048
1875,"Sales Representative",2856,1049
1203,"Research Scientist",2853,1050
485,"Sales Representative",2851,1051
1152,"Human Resources",2844,1052
1297,"Laboratory Technician",2838,1053
2010,"Laboratory Technician",2837,1054
657,"Research Scientist",2836,1055
155,"Laboratory Technician",2835,1056
1190,"Sales Representative",2827,1057
1060,"Research Scientist",2821,1058
705,"Research Scientist",2819,1059
874,"Laboratory Technician",2818,1060
1605,"Research Scientist",2814,1061
1001,"Laboratory Technician",2811,1062
1949,"Laboratory Technician",2810,1063
2048,"Research Scientist",2809,1064
1865,"Human Resources",2804,1065
896,"Sales Representative",2800,1066
939,"Research Scientist",2799,1067
911,"Laboratory Technician",2795,1068
359,"Laboratory Technician",2794,1069
311,"Sales Representative",2793,1070
1135,"Sales Representative",2791,1071
399,"Sales Representative",2789,1072
1379,"Sales Representative",2785,1073
1657,"Sales Representative",2783,1074
802,"Research Scientist",2782,1075
1999,"Research Scientist",2782,1075
1238,"Research Scientist",2781,1076
927,"Laboratory Technician",2778,1077
150,"Laboratory Technician",2774,1078
675,"Research Scientist",2773,1079
579,"Research Scientist",2768,1080
1768,"Laboratory Technician",2766,1081
1752,"Sales Representative",2760,1082
752,"Research Scientist",2759,1083
252,"Research Scientist",2756,1084
1042,"Laboratory Technician",2743,1085
1234,"Laboratory Technician",2743,1085
1467,"Human Resources",2742,1086
281,"Laboratory Technician",2741,1087
608,"Human Resources",2741,1087
1221,"Laboratory Technician",2741,1087
1680,"Sales Representative",2728,1088
639,"Research Scientist",2725,1089
353,"Research Scientist",2723,1090
198,"Laboratory Technician",2720,1091
710,"Research Scientist",2720,1091
1764,"Research Scientist",2718,1092
494,"Sales Representative",2716,1093
221,"Research Scientist",2713,1094
328,"Laboratory Technician",2707,1095
1858,"Human Resources",2706,1096
1826,"Laboratory Technician",2705,1097
94,"Research Scientist",2703,1098
1154,"Research Scientist",2703,1098
824,"Research Scientist",2700,1099
470,"Human Resources",2696,1100
426,"Research Scientist",2695,1101
812,"Laboratory Technician",2694,1102
11,"Laboratory Technician",2693,1103
923,"Research Scientist",2693,1103
683,"Research Scientist",2691,1104
1601,"Laboratory Technician",2690,1105
780,"Research Scientist",2686,1106
1006,"Research Scientist",2684,1107
47,"Sales Representative",2683,1108
1780,"Sales Representative",2679,1109
1226,"Sales Representative",2678,1110
10,"Laboratory Technician",2670,1111
1873,"Research Scientist",2662,1112
18,"Laboratory Technician",2661,1113
2003,"Laboratory Technician",2660,1114
686,"Laboratory Technician",2659,1115
297,"Research Scientist",2657,1116
493,"Research Scientist",2657,1116
1691,"Sales Representative",2655,1117
544,"Research Scientist",2654,1118
1982,"Laboratory Technician",2647,1119
46,"Research Scientist",2645,1120
1556,"Sales Representative",2644,1121
749,"Sales Representative",2642,1122
194,"Research Scientist",2632,1123
1279,"Laboratory Technician",2625,1124
305,"Research Scientist",2622,1125
662,"Research Scientist",2619,1126
159,"Research Scientist",2613,1127
484,"Sales Representative",2610,1128
1160,"Laboratory Technician",2610,1128
1382,"Research Scientist",2610,1128
1016,"Research Scientist",2600,1129
1111,"Laboratory Technician",2596,1130
351,"Laboratory Technician",2593,1131
1805,"Human Resources",2592,1132
1674,"Laboratory Technician",2587,1133
1907,"Laboratory Technician",2587,1133
1265,"Research Scientist",2585,1134
1648,"Research Scientist",2580,1135
666,"Sales Representative",2579,1136
517,"Laboratory Technician",2576,1137
805,"Sales Representative",2572,1138
2061,"Laboratory Technician",2571,1139
1693,"Laboratory Technician",2570,1140
224,"Research Scientist",2566,1141
566,"Human Resources",2564,1142
571,"Laboratory Technician",2564,1142
1504,"Laboratory Technician",2561,1143
856,"Research Scientist",2559,1144
913,"Research Scientist",2559,1144
1258,"Laboratory Technician",2559,1144
838,"Research Scientist",2553,1145
1193,"Research Scientist",2552,1146
565,"Research Scientist",2546,1147
1918,"Laboratory Technician",2544,1148
501,"Research Scientist",2543,1149
1162,"Research Scientist",2539,1150
1364,"Sales Representative",2534,1151
912,"Laboratory Technician",2532,1152
169,"Laboratory Technician",2523,1153
958,"Laboratory Technician",2519,1154
1259,"Research Scientist",2517,1155
875,"Research Scientist",2515,1156
1175,"Laboratory Technician",2515,1156
1120,"Research Scientist",2514,1157
826,"Research Scientist",2506,1158
95,"Research Scientist",2501,1159
242,"Research Scientist",2500,1160
758,"Laboratory Technician",2500,1160
39,"Laboratory Technician",2496,1161
977,"Research Scientist",2479,1162
434,"Research Scientist",2478,1163
508,"Sales Representative",2476,1164
1878,"Research Scientist",2472,1165
1760,"Laboratory Technician",2468,1166
1081,"Research Scientist",2461,1167
430,"Laboratory Technician",2455,1168
227,"Research Scientist",2451,1169
1019,"Laboratory Technician",2451,1169
1558,"Research Scientist",2451,1169
769,"Laboratory Technician",2450,1170
1564,"Laboratory Technician",2450,1170
1675,"Laboratory Technician",2440,1171
1868,"Research Scientist",2439,1172
2038,"Research Scientist",2439,1172
1813,"Research Scientist",2438,1173
1767,"Research Scientist",2437,1174
325,"Laboratory Technician",2436,1175
2020,"Research Scientist",2436,1175
1939,"Research Scientist",2432,1176
1554,"Sales Representative",2430,1177
14,"Laboratory Technician",2426,1178
1017,"Laboratory Technician",2422,1179
952,"Sales Representative",2413,1180
1604,"Laboratory Technician",2408,1181
79,"Laboratory Technician",2406,1182
2012,"Laboratory Technician",2406,1182
932,"Laboratory Technician",2404,1183
994,"Research Scientist",2404,1183
1492,"Sales Representative",2404,1183
632,"Sales Representative",2400,1184
1783,"Laboratory Technician",2398,1185
1405,"Research Scientist",2394,1186
315,"Research Scientist",2389,1187
1361,"Laboratory Technician",2387,1188
918,"Laboratory Technician",2380,1189
1030,"Laboratory Technician",2380,1189
2021,"Sales Representative",2380,1189
1850,"Laboratory Technician",2379,1190
930,"Research Scientist",2377,1191
1107,"Laboratory Technician",2377,1191
1185,"Laboratory Technician",2376,1192
394,"Laboratory Technician",2373,1193
1292,"Research Scientist",2372,1194
1308,"Research Scientist",2372,1194
471,"Laboratory Technician",2370,1195
164,"Research Scientist",2368,1196
1576,"Research Scientist",2367,1197
1960,"Laboratory Technician",2367,1197
848,"Research Scientist",2366,1198
1333,"Laboratory Technician",2362,1199
1522,"Research Scientist",2362,1199
895,"Research Scientist",2356,1200
555,"Sales Representative",2351,1201
206,"Laboratory Technician",2348,1202
1474,"Research Scientist",2345,1203
763,"Research Scientist",2342,1204
878,"Human Resources",2342,1204
1044,"Sales Representative",2342,1204
1792,"Research Scientist",2342,1204
54,"Laboratory Technician",2341,1205
346,"Research Scientist",2340,1206
622,"Laboratory Technician",2340,1206
2032,"Laboratory Technician",2339,1207
1844,"Human Resources",2335,1208
951,"Laboratory Technician",2332,1209
941,"Sales Representative",2329,1210
284,"Research Scientist",2328,1211
403,"Research Scientist",2326,1212
235,"Sales Representative",2325,1213
217,"Research Scientist",2323,1214
1077,"Sales Representative",2323,1214
113,"Sales Representative",2322,1215
991,"Research Scientist",2321,1216
816,"Laboratory Technician",2319,1217
933,"Research Scientist",2318,1218
882,"Laboratory Technician",2314,1219
1108,"Research Scientist",2313,1220
247,"Research Scientist",2311,1221
1541,"Sales Representative",2308,1222
1905,"Research Scientist",2307,1223
205,"Sales Representative",2306,1224
1718,"Laboratory Technician",2305,1225
1331,"Sales Representative",2302,1226
766,"Sales Representative",2297,1227
1551,"Laboratory Technician",2296,1228
45,"Research Scientist",2293,1229
55,"Laboratory Technician",2293,1229
1206,"Research Scientist",2290,1230
1772,"Laboratory Technician",2289,1231
245,"Laboratory Technician",2288,1232
514,"Research Scientist",2285,1233
260,"Research Scientist",2279,1234
910,"Human Resources",2277,1235
1702,"Sales Representative",2275,1236
834,"Research Scientist",2274,1237
1533,"Laboratory Technician",2272,1238
996,"Laboratory Technician",2270,1239
63,"Laboratory Technician",2269,1240
2013,"Sales Representative",2269,1240
321,"Human Resources",2267,1241
945,"Research Scientist",2259,1242
525,"Laboratory Technician",2258,1243
1172,"Laboratory Technician",2258,1243
511,"Research Scientist",2244,1244
200,"Laboratory Technician",2238,1245
1244,"Research Scientist",2235,1246
332,"Laboratory Technician",2232,1247
216,"Sales Representative",2231,1248
1931,"Research Scientist",2226,1249
1055,"Sales Representative",2220,1250
530,"Laboratory Technician",2218,1251
741,"Research Scientist",2216,1252
483,"Laboratory Technician",2213,1253
1219,"Laboratory Technician",2210,1254
1102,"Laboratory Technician",2207,1255
41,"Laboratory Technician",2206,1256
495,"Research Scientist",2201,1257
88,"Research Scientist",2194,1258
655,"Research Scientist",2187,1259
1987,"Human Resources",2187,1259
1747,"Human Resources",2180,1260
309,"Research Scientist",2177,1261
1049,"Human Resources",2177,1261
362,"Laboratory Technician",2176,1262
478,"Sales Representative",2174,1263
1202,"Research Scientist",2168,1264
1649,"Laboratory Technician",2166,1265
974,"Sales Representative",2157,1266
1286,"Laboratory Technician",2154,1267
286,"Laboratory Technician",2153,1268
1818,"Human Resources",2148,1269
1746,"Human Resources",2145,1270
1947,"Research Scientist",2144,1271
829,"Human Resources",2143,1272
1609,"Research Scientist",2141,1273
1937,"Research Scientist",2133,1274
1004,"Research Scientist",2132,1275
1546,"Research Scientist",2132,1275
643,"Laboratory Technician",2127,1276
1448,"Research Scientist",2127,1276
959,"Sales Representative",2121,1277
454,"Laboratory Technician",2119,1278
391,"Research Scientist",2115,1279
1461,"Human Resources",2109,1280
1762,"Research Scientist",2109,1280
1210,"Research Scientist",2107,1281
1856,"Laboratory Technician",2105,1282
1434,"Laboratory Technician",2099,1283
562,"Laboratory Technician",2097,1284
645,"Sales Representative",2096,1285
1303,"Research Scientist",2096,1285
591,"Laboratory Technician",2093,1286
4,"Laboratory Technician",2090,1287
262,"Research Scientist",2089,1288
238,"Laboratory Technician",2088,1289
42,"Sales Representative",2086,1290
680,"Research Scientist",2083,1291
1301,"Research Scientist",2080,1292
116,"Laboratory Technician",2075,1293
1569,"Laboratory Technician",2074,1294
133,"Human Resources",2073,1295
1592,"Research Scientist",2073,1295
377,"Research Scientist",2070,1296
1131,"Research Scientist",2070,1296
1441,"Research Scientist",2066,1297
1499,"Human Resources",2064,1298
1883,"Laboratory Technician",2062,1299
1581,"Research Scientist",2061,1300
300,"Research Scientist",2058,1301
700,"Research Scientist",2045,1302
922,"Sales Representative",2044,1303
1799,"Research Scientist",2044,1303
132,"Laboratory Technician",2042,1304
1053,"Research Scientist",2042,1304
648,"Sales Representative",2033,1305
1495,"Sales Representative",2033,1305
1374,"Research Scientist",2029,1306
19,"Laboratory Technician",2028,1307
1698,"Laboratory Technician",2028,1307
218,"Research Scientist",2024,1308
881,"Research Scientist",2022,1309
1534,"Laboratory Technician",2018,1310
49,"Sales Representative",2014,1311
1659,"Laboratory Technician",2013,1312
1246,"Research Scientist",2011,1313
934,"Laboratory Technician",2008,1314
1994,"Laboratory Technician",2008,1314
1068,"Research Scientist",2007,1315
2051,"Research Scientist",2001,1316
53,"Laboratory Technician",1951,1317
1156,"Laboratory Technician",1904,1318
614,"Sales Representative",1878,1319
1248,"Research Scientist",1859,1320
2023,"Sales Representative",1790,1321
850,"Research Scientist",1706,1322
556,"Laboratory Technician",1702,1323
167,"Sales Representative",1675,1324
1368,"Laboratory Technician",1611,1325
811,"Laboratory Technician",1601,1326
1624,"Sales Representative",1569,1327
1506,"Research Scientist",1563,1328
1714,"Human Resources",1555,1329
1839,"Research Scientist",1514,1330
201,"Laboratory Technician",1483,1331
405,"Laboratory Technician",1420,1332
1079,"Laboratory Technician",1416,1333
1692,"Laboratory Technician",1393,1334
1427,"Sales Representative",1359,1335
704,"Laboratory Technician",1281,1336
1482,"Research Scientist",1274,1337
1433,"Research Scientist",1261,1338
30,"Research Scientist",1232,1339
1270,"Research Scientist",1223,1340
411,"Sales Representative",1200,1341
1974,"Laboratory Technician",1129,1342
1273,"Sales Representative",1118,1343
243,"Laboratory Technician",1102,1344
1928,"Sales Representative",1091,1345
1876,"Sales Representative",1081,1346
1056,"Sales Representative",1052,1347
1012,"Research Scientist",1051,1348
701,"Research Scientist",1009,1349
